pep,,,,,,,,,,,,,,,,,,,
AA,CA,DA,EA,FA,GA,HA,IA,KA,LA,MA,NA,PA,QA,RA,SA,TA,VA,WA,YA
AC,CC,DC,EC,FC,GC,HC,IC,KC,LC,MC,NC,PC,QC,RC,SC,TC,VC,WC,YC
AD,CD,DD,ED,FD,GD,HD,ID,KD,LD,MD,ND,PD,QD,RD,SD,TD,VD,WD,YD
AE,CE,DE,EE,FE,GE,HE,IE,KE,LE,ME,NE,PE,QE,RE,SE,TE,VE,WE,YE
AF,CF,DF,EF,FF,GF,HF,IF,KF,LF,MF,NF,PF,QF,RF,SF,TF,VF,WF,YF
AG,CG,DG,EG,FG,GG,HG,IG,KG,LG,MG,NG,PG,QG,RG,SG,TG,VG,WG,YG
AH,CH,DH,EH,FH,GH,HH,IH,KH,LH,MH,NH,PH,QH,RH,SH,TH,VH,WH,YH
AI,CI,DI,EI,FI,GI,HI,II,KI,LI,MI,NI,PI,QI,RI,SI,TI,VI,WI,YI
AK,CK,DK,EK,FK,GK,HK,IK,KK,LK,MK,NK,PK,QK,RK,SK,TK,VK,WK,YK
AL,CL,DL,EL,FL,GL,HL,IL,KL,LL,ML,NL,PL,QL,RL,SL,TL,VL,WL,YL
AM,CM,DM,EM,FM,GM,HM,IM,KM,LM,MM,NM,PM,QM,RM,SM,TM,VM,WM,YM
AN,CN,DN,EN,FN,GN,HN,IN,KN,LN,MN,NN,PN,QN,RN,SN,TN,VN,WN,YN
AP,CP,DP,EP,FP,GP,HP,IP,KP,LP,MP,NP,PP,QP,RP,SP,TP,VP,WP,YP
AQ,CQ,DQ,EQ,FQ,GQ,HQ,IQ,KQ,LQ,MQ,NQ,PQ,QQ,RQ,SQ,TQ,VQ,WQ,YQ
AR,CR,DR,ER,FR,GR,HR,IR,KR,LR,MR,NR,PR,QR,RR,SR,TR,VR,WR,YR
AS,CS,DS,ES,FS,GS,HS,IS,KS,LS,MS,NS,PS,QS,RS,SS,TS,VS,WS,YS
AT,CT,DT,ET,FT,GT,HT,IT,KT,LT,MT,NT,PT,QT,RT,ST,TT,VT,WT,YT
AV,CV,DV,EV,FV,GV,HV,IV,KV,LV,MV,NV,PV,QV,RV,SV,TV,VV,WV,YV
AW,CW,DW,EW,FW,GW,HW,IW,KW,LW,MW,NW,PW,QW,RW,SW,TW,VW,WW,YW
AY,CY,DY,EY,FY,GY,HY,IY,KY,LY,MY,NY,PY,QY,RY,SY,TY,VY,WY,YY